-639.87,-118.17,422.79,-73.292,58.818,12.358
-639.83,-117.18,422.94,-73.292,58.818,12.358
-639.8,-116.19,423.09,-73.292,58.818,12.358
-639.76,-115.2,423.23,-73.292,58.818,12.358
-639.73,-114.21,423.38,-73.292,58.818,12.358
-639.69,-113.22,423.53,-73.292,58.818,12.358
-639.66,-112.24,423.68,-73.292,58.818,12.358
-639.62,-111.25,423.83,-73.292,58.818,12.358
-639.58,-110.26,423.98,-73.292,58.818,12.358
-639.55,-109.27,424.13,-73.292,58.818,12.358
-639.51,-108.28,424.28,-73.292,58.818,12.358
-639.48,-107.29,424.43,-73.292,58.818,12.358
-639.44,-106.31,424.57,-73.292,58.818,12.358
-639.41,-105.32,424.72,-73.292,58.818,12.358
-639.37,-104.33,424.87,-73.292,58.818,12.358
-639.34,-103.34,425.02,-73.292,58.818,12.358
-639.3,-102.35,425.17,-73.292,58.818,12.358
-639.27,-101.37,425.32,-73.292,58.818,12.358
-639.23,-100.38,425.47,-73.292,58.818,12.358
-639.2,-99.389,425.62,-73.292,58.818,12.358
-639.16,-98.401,425.76,-73.292,58.818,12.358
-639.13,-97.412,425.91,-73.292,58.818,12.358
-639.09,-96.424,426.06,-73.292,58.818,12.358
-639.06,-95.436,426.21,-73.292,58.818,12.358
-639.02,-94.448,426.36,-73.292,58.818,12.358
-638.98,-93.46,426.51,-73.292,58.818,12.358
-638.95,-92.471,426.66,-73.292,58.818,12.358
-638.91,-91.483,426.81,-73.292,58.818,12.358
-638.88,-90.495,426.96,-73.292,58.818,12.358
-638.8,-89.738,427.45,-73.294,58.819,12.35
-638.64,-89.219,428.31,-73.295,58.819,12.338
-638.34,-88.951,429.58,-73.314,58.822,12.326
-637.87,-88.944,431.26,-73.364,58.831,12.315
-637.24,-89.208,433.36,-73.463,58.848,12.312
-636.51,-89.499,435.52,-73.636,58.878,12.322
-635.74,-89.817,437.7,-73.918,58.926,12.329
-634.99,-90.136,439.86,-74.297,58.99,12.32
-634.31,-90.458,441.98,-74.794,59.074,12.274
-633.73,-90.76,444.04,-75.374,59.171,12.186
-633.21,-91.054,446.06,-76.018,59.276,12.054
-632.77,-91.326,448.03,-76.68,59.382,11.91
-632.39,-91.587,449.96,-77.333,59.485,11.788
-632.1,-91.819,451.86,-77.901,59.575,11.749
-631.87,-92.036,453.74,-78.375,59.654,11.834
-631.75,-92.226,455.58,-78.685,59.713,12.103
-631.7,-92.412,457.4,-78.825,59.755,12.563
-631.75,-92.591,459.2,-78.762,59.776,13.248
-631.87,-92.779,460.98,-78.488,59.774,14.146
-632.08,-92.975,462.74,-78.005,59.745,15.247
-632.32,-93.203,464.51,-77.346,59.692,16.524
-632.61,-93.447,466.28,-76.491,59.605,17.982
-632.91,-93.73,468.06,-75.488,59.488,19.586
-633.26,-94.032,469.83,-74.36,59.339,21.32
-633.62,-94.364,471.62,-73.121,59.154,23.152
-634.02,-94.713,473.39,-71.818,58.936,25.036
-634.44,-95.097,475.15,-70.494,58.691,26.923
-634.89,-95.488,476.89,-69.177,58.419,28.738
-635.34,-95.918,478.62,-67.923,58.133,30.419
-635.81,-96.358,480.31,-66.79,57.85,31.88
-636.26,-96.831,481.97,-65.835,57.588,33.044
-636.71,-97.307,483.57,-65.236,57.411,33.717
-637.15,-97.801,485.1,-65.076,57.356,33.827
-637.62,-98.267,486.5,-65.528,57.48,33.198
-638.08,-98.723,487.77,-66.788,57.828,31.661
-638.57,-99.124,488.87,-69.039,58.398,29.028
-639.1,-99.498,489.81,-72.352,59.115,25.296
-639.67,-99.827,490.56,-76.88,59.874,20.322
-640.3,-100.13,491.17,-82.452,60.497,14.347
-641,-100.4,491.67,-88.763,60.824,7.7061
-641.78,-100.66,492.12,-95.264,60.766,1.0016
-642.66,-100.87,492.57,-101.31,60.354,-5.1014
-643.67,-101.04,493.06,-106.45,59.719,-10.144
-644.78,-101.15,493.62,-110.46,59.026,-13.973
-646.02,-101.17,494.27,-113.25,58.44,-16.509
-647.35,-101.12,495.03,-114.84,58.075,-17.83
-648.79,-100.98,495.88,-115.44,57.946,-18.206
-650.27,-100.79,496.83,-115.08,58.067,-17.679
-651.82,-100.58,497.85,-113.94,58.374,-16.44
-653.4,-100.39,498.95,-112.1,58.819,-14.524
-655,-100.23,500.11,-109.72,59.318,-12.092
-656.6,-100.14,501.34,-106.88,59.822,-9.1707
-658.21,-100.13,502.58,-103.78,60.264,-5.9797
-659.82,-100.19,503.85,-100.47,60.623,-2.5405
-661.43,-100.33,505.11,-97.195,60.869,0.87387
-663.03,-100.53,506.35,-94.044,61.006,4.162
-664.64,-100.78,507.56,-91.117,61.044,7.1882
-666.24,-101.06,508.74,-88.454,61.005,9.919
-667.84,-101.37,509.88,-86.075,60.906,12.305
-669.42,-101.71,510.99,-83.957,60.767,14.384
-670.99,-102.07,512.08,-82.072,60.599,16.172
-672.53,-102.44,513.15,-80.404,60.416,17.704
-674.06,-102.84,514.21,-78.898,60.221,19.05
-675.58,-103.23,515.25,-77.565,60.028,20.227
-677.12,-103.64,516.28,-76.35,59.834,21.298
-678.66,-104.02,517.29,-75.253,59.648,22.308
-680.23,-104.42,518.29,-74.202,59.462,23.332
-681.83,-104.81,519.27,-73.176,59.274,24.41
-683.46,-105.22,520.26,-72.127,59.074,25.576
-685.11,-105.64,521.24,-71.057,58.859,26.824
-686.77,-106.1,522.24,-69.953,58.625,28.147
-688.43,-106.58,523.23,-68.871,58.382,29.479
-690.08,-107.11,524.24,-67.824,58.131,30.778
-691.69,-107.67,525.25,-66.876,57.892,31.976
-693.27,-108.25,526.26,-66.043,57.671,33.046
-694.82,-108.86,527.28,-65.356,57.485,33.967
-696.31,-109.48,528.3,-64.8,57.331,34.744
-697.75,-110.1,529.34,-64.345,57.204,35.402
-699.14,-110.73,530.4,-63.932,57.087,36.002
-700.47,-111.33,531.49,-63.489,56.954,36.615
-701.75,-111.93,532.64,-62.898,56.762,37.353
-702.97,-112.51,533.85,-62.052,56.468,38.334
-704.13,-113.1,535.16,-60.898,56.04,39.635
-705.23,-113.71,536.57,-59.379,55.429,41.323
-706.24,-114.38,538.09,-57.539,54.618,43.383
-707.11,-115.07,539.66,-55.935,53.833,45.126
-707.83,-115.82,541.27,-54.634,53.134,46.471
-708.37,-116.62,542.91,-53.671,52.571,47.366
-708.72,-117.52,544.59,-53.093,52.203,47.752
-708.89,-118.51,546.28,-52.9,52.044,47.575
-708.94,-119.67,548.05,-52.689,51.869,47.36
-708.89,-121,549.88,-52.448,51.67,47.115
-708.73,-122.52,551.79,-52.173,51.443,46.835
-708.49,-124.21,553.76,-51.864,51.19,46.52
-708.19,-126.06,555.76,-51.54,50.927,46.19
-707.85,-128.01,557.8,-51.219,50.668,45.862
-707.46,-130,559.87,-50.926,50.432,45.561
-707.07,-131.99,561.93,-50.682,50.238,45.31
-706.66,-133.94,564.01,-50.49,50.084,45.111
-706.29,-135.77,566.06,-50.364,49.984,44.982
-705.98,-137.43,568.06,-50.304,49.937,44.921
-705.78,-138.89,569.98,-50.294,49.929,44.91
-705.67,-139.96,571.49,-50.371,49.99,44.99
-705.31,-140.97,572.34,-50.536,50.121,45.16
-704.61,-142.04,572.5,-50.768,50.306,45.4
-703.57,-143.18,572.07,-51.055,50.536,45.694
-702.14,-144.49,571.01,-51.393,50.808,46.04
-700.4,-146,569.84,-51.729,51.081,46.383
-698.74,-147.39,568.79,-52.063,51.354,46.725
-697.19,-148.61,567.92,-52.395,51.627,47.064
-695.73,-149.69,567.2,-52.725,51.899,47.402
-694.39,-150.58,566.67,-53.053,52.172,47.737
-693.08,-151.41,566.2,-53.379,52.445,48.071
-691.82,-152.17,565.81,-53.702,52.717,48.402
-690.62,-152.84,565.51,-54.024,52.989,48.73
-689.47,-153.42,565.31,-54.342,53.261,49.057
-688.39,-153.9,565.21,-54.658,53.532,49.381
-687.38,-154.28,565.22,-54.972,53.802,49.702
-686.44,-154.54,565.35,-55.283,54.071,50.021
-685.57,-154.68,565.61,-55.591,54.34,50.338
-684.78,-154.7,565.99,-55.897,54.608,50.651
-684.08,-154.58,566.52,-56.2,54.874,50.962
-683.46,-154.33,567.18,-56.5,55.14,51.271
-682.92,-153.95,567.98,-56.797,55.405,51.576
-682.47,-153.45,568.91,-57.092,55.668,51.879
-682.09,-152.82,569.97,-57.383,55.93,52.179
-681.78,-152.07,571.15,-57.672,56.191,52.476
-681.55,-151.2,572.46,-57.958,56.45,52.77
-681.4,-150.22,573.88,-58.241,56.708,53.062
-681.39,-148.99,575.56,-58.521,56.965,53.35
-681.51,-147.58,577.43,-58.798,57.219,53.636
-681.77,-145.93,579.54,-59.072,57.473,53.918
-682.11,-144.16,581.78,-59.342,57.724,54.198
-682.4,-142.63,583.72,-59.559,57.925,54.419
-682.55,-141.33,584.83,-59.649,58.008,54.508
-682.61,-140.18,585.15,-59.588,57.952,54.448
-682.55,-139.18,584.58,-59.333,57.718,54.198
-682.45,-138.15,583.19,-58.855,57.279,53.723
-682.41,-136.78,581.41,-58.228,56.706,53.091
-682.43,-135.2,579.58,-57.54,56.081,52.387
-682.47,-133.45,577.72,-56.795,55.411,51.619
-682.53,-131.58,575.85,-56.05,54.749,50.847
-682.57,-129.67,573.99,-55.356,54.14,50.129
-682.63,-127.72,572.11,-54.733,53.6,49.482
-682.66,-125.79,570.25,-54.21,53.15,48.933
-682.7,-123.89,568.39,-53.833,52.828,48.536
-682.75,-122.09,566.53,-53.613,52.641,48.304
-682.78,-120.4,564.68,-53.55,52.588,48.238
-682.77,-118.83,562.87,-53.62,52.647,48.311
-682.7,-117.37,561.09,-53.789,52.79,48.486
-682.55,-116.05,559.37,-54.029,52.994,48.734
-682.28,-114.86,557.73,-54.303,53.227,49.016
-681.87,-113.79,556.17,-54.59,53.473,49.309
-681.29,-112.79,554.64,-55.231,53.898,49.147
-680.56,-111.86,553.11,-56.304,54.516,48.42
-679.66,-110.97,551.61,-57.761,55.261,47.154
-678.63,-110.12,550.12,-59.618,56.102,45.358
-677.47,-109.31,548.64,-61.864,56.99,43.03
-676.22,-108.57,547.22,-64.052,57.751,40.73
-674.92,-107.87,545.89,-66.042,58.361,38.602
-673.56,-107.22,544.62,-67.867,58.858,36.62
-672.14,-106.6,543.41,-69.506,59.258,34.816
-670.69,-106,542.25,-70.993,59.586,33.179
-669.21,-105.4,541.14,-72.324,59.856,31.722
-667.7,-104.83,540.07,-73.514,60.086,30.476
-666.18,-104.26,539.04,-74.562,60.283,29.445
-664.65,-103.7,538.03,-75.497,60.459,28.601
-663.11,-103.15,537.06,-76.317,60.616,27.937
-661.58,-102.62,536.1,-77.045,60.759,27.414
-660.03,-102.09,535.16,-77.691,60.884,26.975
-658.49,-101.58,534.22,-78.277,60.995,26.579
-656.95,-101.05,533.29,-78.824,61.09,26.17
-655.41,-100.54,532.35,-79.337,61.168,25.735
-653.87,-100,531.41,-79.843,61.231,25.238
-652.33,-99.471,530.45,-80.364,61.287,24.681
-650.79,-98.918,529.49,-80.948,61.34,24.019
-649.25,-98.38,528.51,-81.59,61.395,23.296
-647.7,-97.834,527.53,-82.345,61.458,22.472
-646.16,-97.309,526.53,-83.22,61.531,21.556
-644.62,-96.793,525.52,-84.25,61.611,20.51
-643.08,-96.311,524.5,-85.42,61.696,19.36
-641.55,-95.838,523.45,-86.757,61.775,18.038
-640.03,-95.4,522.38,-88.233,61.841,16.562
-638.5,-94.971,521.29,-89.899,61.884,14.858
-636.99,-94.573,520.17,-91.716,61.895,12.953
-635.46,-94.184,519.03,-93.658,61.867,10.884
-633.94,-93.825,517.88,-95.701,61.797,8.6864
-632.41,-93.482,516.72,-97.802,61.683,6.4272
-630.9,-93.182,515.56,-99.886,61.533,4.2118
-629.4,-92.907,514.41,-101.88,61.363,2.1764
-627.94,-92.681,513.27,-103.73,61.185,0.38306
-626.54,-92.496,512.15,-105.36,61.028,-1.031
-625.22,-92.365,511.02,-106.78,60.902,-2.0809
-623.96,-92.276,509.93,-107.88,60.834,-2.6603
-622.79,-92.239,508.84,-108.69,60.821,-2.864
-621.68,-92.23,507.77,-109.13,60.877,-2.6441
-620.63,-92.251,506.72,-109.23,60.987,-2.1075
-619.61,-92.275,505.69,-108.87,61.159,-1.191
-618.62,-92.287,504.69,-108.09,61.364,0.0023612
-617.66,-92.266,503.7,-106.81,61.593,1.5099
-616.72,-92.207,502.73,-105.12,61.813,3.2312
-615.8,-92.091,501.76,-103.03,62.006,5.1654
-614.92,-91.93,500.77,-100.67,62.144,7.1973
-614.1,-91.722,499.74,-98.173,62.215,9.2408
-613.33,-91.488,498.67,-95.681,62.219,11.199
-612.63,-91.228,497.53,-93.349,62.157,12.925
-611.98,-90.962,496.33,-91.352,62.055,14.323
-611.38,-90.691,495.04,-89.789,61.93,15.272
-610.82,-90.437,493.68,-88.733,61.812,15.76
-610.29,-90.193,492.23,-88.22,61.711,15.732
-609.79,-89.983,490.72,-88.189,61.639,15.277
-609.32,-89.794,489.14,-88.568,61.582,14.411
-608.87,-89.647,487.52,-89.259,61.537,13.256
-608.45,-89.531,485.86,-90.147,61.489,11.877
-608.05,-89.454,484.17,-91.138,61.434,10.39
-607.69,-89.402,482.45,-92.134,61.369,8.876
-607.34,-89.387,480.74,-93.088,61.296,7.406
-607.04,-89.391,479.01,-93.948,61.217,6.032
-606.77,-89.425,477.28,-94.733,61.139,4.7695
-606.55,-89.481,475.54,-95.373,61.065,3.6787
-606.38,-89.567,473.8,-95.89,60.996,2.7482
-606.3,-89.676,472.03,-96.208,60.938,2.0394
-606.29,-89.813,470.26,-96.325,60.89,1.5452
-606.37,-89.963,468.46,-96.157,60.855,1.3247
-606.52,-90.125,466.65,-95.756,60.829,1.3216
-606.77,-90.288,464.83,-95.072,60.809,1.5535
-607.07,-90.448,462.99,-94.179,60.789,1.9577
-607.46,-90.596,461.12,-93.062,60.764,2.5443
-607.9,-90.739,459.24,-91.821,60.729,3.2308
-608.43,-90.863,457.32,-90.466,60.681,4.0099
-609.02,-90.972,455.37,-89.084,60.618,4.8112
-609.69,-91.05,453.36,-87.674,60.539,5.628
-610.43,-91.094,451.32,-86.319,60.448,6.4008
-611.24,-91.086,449.23,-85.013,60.347,7.1294
-612.11,-91.03,447.09,-83.798,60.239,7.7803
-613.04,-90.913,444.91,-82.645,60.126,8.384
-613.97,-90.76,442.71,-81.564,60.011,8.9407
-614.93,-90.559,440.51,-80.517,59.89,9.4765
-615.83,-90.334,438.33,-79.478,59.762,10.009
-616.69,-90.086,436.17,-78.439,59.626,10.558
-617.44,-89.838,434.08,-77.433,59.486,11.111
-618.06,-89.578,432.07,-76.449,59.341,11.66
-618.5,-89.332,430.15,-75.522,59.196,12.177
-618.76,-89.081,428.33,-74.673,59.056,12.647
-618.81,-88.846,426.63,-73.902,58.923,13.054
-618.66,-88.617,425.02,-73.221,58.801,13.404
-618.36,-88.405,423.5,-72.638,58.693,13.704
-617.91,-88.203,422.06,-72.103,58.591,14.007
-617.37,-88.027,420.68,-71.627,58.498,14.345
-616.77,-87.856,419.34,-71.18,58.406,14.738
-616.14,-87.698,418.03,-70.739,58.313,15.202
-615.51,-87.549,416.73,-70.318,58.221,15.733
-614.88,-87.421,415.43,-69.943,58.136,16.284
-614.24,-87.308,414.13,-69.594,58.054,16.825
-613.74,-87.23,413.08,-69.412,58.011,17.249
-613.2,-87.546,412.33,-69.387,58.004,17.538
-612.59,-88.399,411.85,-69.505,58.03,17.695
-611.94,-89.698,411.66,-69.757,58.089,17.737
-611.24,-91.495,411.74,-70.146,58.179,17.673
-610.36,-93.611,411.87,-70.538,58.268,17.607
-609.47,-95.648,412.02,-70.932,58.357,17.538
-608.6,-97.423,412.2,-71.328,58.445,17.467
-607.74,-98.99,412.41,-71.727,58.533,17.394
-606.88,-100.27,412.67,-72.127,58.62,17.318
-606.03,-101.42,412.95,-72.53,58.707,17.24
-605.19,-102.43,413.25,-72.935,58.794,17.159
-604.35,-103.33,413.56,-73.342,58.88,17.076
-603.51,-104.12,413.9,-73.752,58.965,16.991
-602.68,-104.79,414.25,-74.163,59.05,16.903
-601.86,-105.32,414.62,-74.577,59.134,16.813
-601.04,-105.68,415.01,-74.993,59.217,16.72
-600.22,-105.85,415.44,-75.411,59.3,16.625
-599.42,-105.82,415.89,-75.83,59.382,16.528
-598.62,-105.57,416.38,-76.252,59.464,16.428
-597.83,-105.12,416.9,-76.676,59.544,16.326
-597.04,-104.46,417.45,-77.102,59.624,16.221
-596.27,-103.63,418.03,-77.529,59.703,16.115
-595.49,-102.63,418.63,-77.959,59.782,16.006
-594.73,-101.47,419.25,-78.39,59.859,15.894
-593.97,-100.16,419.9,-78.823,59.936,15.781
-593.21,-98.721,420.57,-79.258,60.012,15.665
-592.46,-97.087,421.26,-79.694,60.087,15.547
-591.72,-95.35,421.97,-80.132,60.161,15.426
-590.98,-93.487,422.7,-80.572,60.235,15.304
-590.23,-91.705,423.42,-81.013,60.307,15.179
-589.57,-90.264,424.04,-81.368,60.364,15.078
-589.2,-89.27,424.75,-81.772,60.421,14.871
-589.1,-88.656,425.57,-82.245,60.477,14.539
-589.29,-88.489,426.49,-82.82,60.535,14.047
-589.76,-88.589,427.52,-83.503,60.593,13.393
-590.43,-88.718,428.77,-84.37,60.66,12.563
-591.1,-88.845,430.02,-85.27,60.722,11.707
-591.76,-88.965,431.27,-86.135,60.775,10.899
-592.41,-89.056,432.55,-86.879,60.818,10.227
-593.02,-89.121,433.88,-87.461,60.852,9.7427
-593.56,-89.146,435.26,-87.85,60.879,9.4914
-594.01,-89.147,436.74,-88.033,60.904,9.4993
-594.32,-89.128,438.32,-88.024,60.929,9.752
-594.48,-89.106,440.01,-87.865,60.956,10.231
-594.47,-89.07,441.83,-87.617,60.99,10.888
-594.27,-89.037,443.76,-87.345,61.035,11.672
-593.91,-88.996,445.8,-87.125,61.092,12.485
-593.37,-88.958,447.92,-86.989,61.163,13.275
-592.7,-88.91,450.11,-87.01,61.246,13.924
-591.91,-88.854,452.34,-87.176,61.339,14.419
-591.04,-88.778,454.58,-87.554,61.432,14.623
-590.1,-88.69,456.83,-88.072,61.517,14.572
-589.14,-88.572,459.05,-88.775,61.587,14.196
-588.15,-88.43,461.25,-89.594,61.637,13.569
-587.19,-88.252,463.41,-90.532,61.663,12.684
-586.25,-88.047,465.53,-91.479,61.662,11.666
-585.37,-87.807,467.6,-92.484,61.639,10.492
-584.54,-87.544,469.64,-93.391,61.597,9.3463
-583.78,-87.261,471.65,-94.205,61.542,8.2443
-583.08,-86.976,473.64,-94.842,61.478,7.2603
-582.45,-86.694,475.6,-95.304,61.411,6.4168
-581.88,-86.435,477.55,-95.558,61.346,5.7516
-581.4,-86.197,479.47,-95.715,61.285,5.1806
-580.97,-85.989,481.36,-95.745,61.228,4.725
-580.64,-85.808,483.21,-95.754,61.175,4.3091
-580.39,-85.649,485.02,-95.798,61.125,3.8811
-580.23,-85.505,486.77,-95.896,61.08,3.4456
-580.14,-85.37,488.48,-96.059,61.037,2.981
-580.14,-85.236,490.14,-96.302,60.997,2.4888
-580.19,-85.106,491.77,-96.569,60.961,2.0228
-580.3,-84.979,493.38,-96.821,60.933,1.6298
-580.45,-84.859,494.98,-97.023,60.912,1.3369
-580.64,-84.754,496.57,-97.128,60.901,1.1884
-580.87,-84.676,498.16,-97.152,60.9,1.1676
-581.16,-84.623,499.73,-97.1,60.908,1.2572
-581.48,-84.599,501.3,-97,60.92,1.4183
-581.85,-84.596,502.84,-96.889,60.934,1.6032
-582.25,-84.61,504.36,-96.823,60.947,1.7543
-582.7,-84.627,505.84,-96.848,60.956,1.8131
-583.16,-84.645,507.3,-96.996,60.958,1.7445
-583.67,-84.653,508.71,-97.27,60.951,1.535
-584.22,-84.655,510.08,-97.668,60.936,1.1937
-584.83,-84.65,511.4,-98.172,60.911,0.73143
-585.5,-84.641,512.68,-98.743,60.877,0.19033
-586.25,-84.632,513.91,-99.34,60.837,-0.38495
-587.07,-84.631,515.1,-99.909,60.797,-0.93125
-587.96,-84.636,516.26,-100.42,60.758,-1.4139
-588.92,-84.651,517.39,-100.86,60.727,-1.8025
-589.94,-84.675,518.51,-101.21,60.706,-2.0666
-591.02,-84.716,519.61,-101.49,60.7,-2.1888
-592.15,-84.767,520.7,-101.7,60.71,-2.165
-593.34,-84.837,521.77,-101.86,60.736,-2.0124
-594.59,-84.922,522.83,-101.99,60.777,-1.7409
-595.93,-85.032,523.86,-102.09,60.836,-1.347
-597.31,-85.159,524.87,-102.15,60.906,-0.87258
-598.77,-85.318,525.85,-102.21,60.985,-0.35559
-600.25,-85.494,526.81,-102.26,61.065,0.15366
-601.77,-85.696,527.75,-102.3,61.143,0.6426
-603.3,-85.912,528.68,-102.37,61.209,1.0295
-604.83,-86.151,529.58,-102.5,61.263,1.3076
-606.33,-86.397,530.49,-102.75,61.292,1.3837
-607.84,-86.672,531.37,-103.13,61.305,1.3135
-609.33,-86.963,532.23,-103.67,61.294,1.0401
-610.83,-87.277,533.07,-104.4,61.263,0.60656
-612.34,-87.61,533.88,-105.32,61.209,0.0062599
-613.89,-87.976,534.67,-106.37,61.146,-0.64193
-615.46,-88.351,535.44,-107.53,61.072,-1.3226
-617.08,-88.748,536.19,-108.7,61.008,-1.9043
-618.74,-89.145,536.94,-109.81,60.962,-2.3361
-620.44,-89.537,537.7,-110.78,60.959,-2.5103
-622.18,-89.918,538.5,-111.49,61.02,-2.3465
-623.95,-90.302,539.32,-111.89,61.159,-1.8009
-625.72,-90.681,540.2,-111.85,61.386,-0.81856
-627.51,-91.083,541.13,-111.36,61.702,0.61364
-629.29,-91.51,542.12,-110.38,62.085,2.4746
-631.08,-91.984,543.15,-108.99,62.505,4.682
-632.84,-92.508,544.22,-107.19,62.928,7.1876
-634.58,-93.097,545.32,-105.15,63.322,9.847
-636.3,-93.734,546.44,-102.92,63.663,12.585
-637.98,-94.426,547.56,-100.67,63.937,15.266
-639.62,-95.144,548.7,-98.412,64.139,17.845
-641.23,-95.884,549.83,-96.219,64.277,20.285
-642.8,-96.619,550.96,-94.052,64.352,22.619
-644.32,-97.356,552.12,-91.893,64.378,24.9
-645.81,-98.077,553.3,-89.62,64.35,27.254
-647.26,-98.81,554.53,-87.145,64.268,29.807
-648.68,-99.551,555.81,-84.391,64.118,32.666
-650.07,-100.33,557.15,-81.306,63.887,35.928
-651.43,-101.15,558.56,-77.869,63.54,39.627
-652.76,-102.03,560.05,-74.138,63.054,43.734
-654.04,-102.97,561.6,-70.266,62.419,48.112
-655.26,-103.95,563.12,-67.161,61.817,51.759
-656.37,-104.94,564.6,-64.906,61.353,54.587
-657.38,-105.97,566.04,-63.501,61.107,56.605
-658.28,-107.03,567.44,-62.952,61.143,57.83
-659.07,-108.12,568.79,-63.267,61.494,58.284
-659.78,-109.29,570.18,-63.752,61.982,58.809
-660.42,-110.56,571.62,-64.358,62.597,59.468
-661,-111.89,573.1,-65.093,63.351,60.27
-661.55,-113.27,574.6,-65.946,64.237,61.202
-662.08,-114.65,576.11,-66.901,65.241,62.247
-662.6,-116.02,577.62,-67.936,66.346,63.386
-663.11,-117.3,579,-70.458,67.757,63.073
-663.62,-118.48,580.21,-74.955,69.371,60.765
-664.13,-119.54,581.25,-82.135,70.983,55.7
-664.61,-120.53,582.14,-92.329,72.256,47.566
-665.07,-121.44,582.88,-105.27,72.741,36.562
-665.54,-122.34,583.66,-117.61,72.439,26.239
-666.04,-123.18,584.48,-128.09,71.572,17.76
-666.57,-123.98,585.4,-136.23,70.498,11.578
-667.13,-124.67,586.39,-142.29,69.438,7.2985
-667.6,-125.21,587.21,-146.45,68.566,4.5708
-667.58,-125.49,588.02,-149.23,67.854,2.7966
-666.97,-125.61,588.87,-151.04,67.311,1.6555
-665.82,-125.55,589.69,-152.18,66.88,0.88786
-664.06,-125.37,590.52,-152.9,66.498,0.31775
-661.99,-125.09,591.51,-153.6,66.112,-0.22945
-659.98,-124.79,592.47,-154.27,65.722,-0.75449
-658.17,-124.42,593.32,-154.92,65.328,-1.2581
-656.51,-124,594.08,-155.56,64.931,-1.741
-655.09,-123.48,594.7,-156.17,64.53,-2.2039
-653.81,-122.92,595.25,-156.77,64.126,-2.6474
-652.66,-122.32,595.73,-157.34,63.72,-3.0723
-651.64,-121.66,596.13,-157.9,63.31,-3.4791
-650.78,-120.95,596.44,-158.45,62.898,-3.8686
-650.06,-120.18,596.68,-158.97,62.484,-4.2412
-649.48,-119.37,596.83,-159.49,62.067,-4.5977
-649.05,-118.5,596.9,-159.98,61.648,-4.9385
-648.77,-117.58,596.89,-160.46,61.228,-5.2642
-648.64,-116.61,596.8,-160.93,60.806,-5.5754
-648.65,-115.58,596.62,-161.39,60.382,-5.8725
-648.82,-114.5,596.36,-161.83,59.956,-6.156
-649.12,-113.37,596.02,-162.26,59.53,-6.4264
-649.56,-112.19,595.61,-162.67,59.102,-6.6843
-650.12,-110.96,595.13,-163.08,58.674,-6.9299
-650.8,-109.7,594.59,-163.47,58.244,-7.1637
-651.57,-108.4,593.99,-163.86,57.814,-7.3862
-652.43,-107.07,593.34,-164.23,57.383,-7.5977
-653.42,-105.69,592.62,-164.59,56.952,-7.7986
-654.49,-104.29,591.85,-164.95,56.52,-7.9893
-655.64,-102.85,591.04,-165.29,56.088,-8.1701
-656.75,-101.43,590.26,-165.63,55.656,-8.3414
-657.63,-100.21,589.63,-165.89,55.31,-8.4718
-658.07,-99.268,588.95,-166.02,55.101,-8.5532
-658.1,-98.581,588.2,-165.99,55.033,-8.5931
-657.68,-98.151,587.4,-165.78,55.129,-8.586
-656.91,-97.913,586.51,-165.34,55.386,-8.5342
-655.98,-97.692,585.38,-164.76,55.707,-8.4662
-655.02,-97.418,584.27,-164.04,56.051,-8.3927
-654.04,-97.105,583.18,-163.22,56.414,-8.3035
-653.03,-96.743,582.09,-162.29,56.754,-8.2241
-652.01,-96.346,581,-161.25,57.077,-8.1453
-650.95,-95.902,579.93,-160.07,57.393,-8.0629
-649.87,-95.432,578.87,-158.8,57.702,-7.9676
-648.74,-94.906,577.83,-157.36,58.005,-7.8637
-647.58,-94.348,576.81,-155.79,58.325,-7.722
-646.39,-93.748,575.81,-154.07,58.647,-7.5485
-645.18,-93.128,574.83,-152.25,58.984,-7.3194
-643.94,-92.482,573.86,-150.35,59.31,-7.0547
-642.68,-91.838,572.89,-148.48,59.6,-6.7782
-641.39,-91.181,571.93,-146.64,59.845,-6.5123
-640.09,-90.542,570.97,-144.98,60.032,-6.2827
-638.75,-89.897,569.99,-143.48,60.133,-6.1509
-637.38,-89.251,569.01,-142.17,60.155,-6.1267
-635.97,-88.594,568.03,-141.03,60.1,-6.2237
-634.53,-87.934,567.04,-140.08,59.972,-6.4499
-633.04,-87.251,566.04,-139.26,59.774,-6.8115
-631.51,-86.561,565.05,-138.57,59.515,-7.3003
-629.94,-85.853,564.05,-137.98,59.191,-7.9317
-628.33,-85.151,563.06,-137.54,58.815,-8.6817
-626.68,-84.453,562.06,-137.19,58.381,-9.5655
-624.98,-83.773,561.07,-136.96,57.894,-10.571
-623.22,-83.11,560.09,-136.82,57.35,-11.707
-621.41,-82.479,559.12,-136.81,56.744,-12.969
-619.53,-81.879,558.16,-136.89,56.076,-14.364
-617.6,-81.321,557.21,-137.08,55.346,-15.871
-615.61,-80.814,556.27,-137.33,54.567,-17.473
-613.6,-80.373,555.34,-137.64,53.755,-19.123
-611.57,-80.008,554.42,-137.95,52.946,-20.763
-609.54,-79.726,553.52,-138.27,52.164,-22.336
-607.52,-79.525,552.64,-138.52,51.462,-23.772
-605.54,-79.406,551.79,-138.71,50.864,-25.015
-603.59,-79.363,550.97,-138.79,50.424,-25.996
-601.71,-79.374,550.19,-138.75,50.144,-26.713
-599.86,-79.425,549.45,-138.57,50.051,-27.138
-598.07,-79.495,548.75,-138.24,50.13,-27.286
-596.3,-79.565,548.08,-137.73,50.385,-27.179
-594.57,-79.622,547.45,-137.05,50.773,-26.872
-592.87,-79.653,546.84,-136.2,51.275,-26.394
-591.19,-79.649,546.23,-135.22,51.843,-25.796
-589.53,-79.621,545.62,-134.13,52.437,-25.127
-587.92,-79.566,544.98,-133.03,53.005,-24.443
-586.31,-79.493,544.33,-131.96,53.514,-23.815
-584.74,-79.408,543.62,-130.98,53.949,-23.261
-583.17,-79.328,542.89,-130.12,54.298,-22.827
-581.62,-79.258,542.12,-129.41,54.561,-22.518
-580.06,-79.219,541.33,-128.81,54.758,-22.32
-578.52,-79.213,540.51,-128.31,54.917,-22.165
-576.98,-79.249,539.71,-127.83,55.064,-22.012
-575.47,-79.324,538.89,-127.36,55.229,-21.782
-574,-79.432,538.08,-126.82,55.433,-21.428
-572.61,-79.554,537.26,-126.17,55.704,-20.873
-571.27,-79.682,536.44,-125.36,56.055,-20.078
-570.03,-79.797,535.61,-124.41,56.466,-19.062
-568.86,-79.895,534.77,-123.28,56.938,-17.822
-567.76,-79.969,533.91,-121.97,57.452,-16.379
-566.71,-80.018,533.04,-120.52,57.977,-14.794
-565.71,-80.044,532.15,-119,58.49,-13.123
-564.75,-80.062,531.24,-117.38,58.985,-11.375
-563.83,-80.074,530.3,-115.75,59.443,-9.6066
-562.95,-80.092,529.34,-114.07,59.871,-7.7959
-562.13,-80.12,528.34,-112.35,60.267,-5.9514
-561.38,-80.155,527.3,-110.59,60.633,-4.0593
-560.71,-80.197,526.23,-108.75,60.973,-2.089
-560.1,-80.239,525.11,-106.82,61.281,-0.054445
-559.56,-80.27,523.96,-104.85,61.553,2.0192
-559.08,-80.286,522.77,-102.84,61.784,4.1101
-558.65,-80.285,521.55,-100.85,61.969,6.1651
-558.27,-80.259,520.28,-98.98,62.111,8.1108
-557.91,-80.217,518.97,-97.268,62.216,9.9129
-557.6,-80.162,517.61,-95.771,62.293,11.535
-557.33,-80.104,516.21,-94.475,62.356,13.013
-557.12,-80.056,514.76,-93.368,62.413,14.351
-556.95,-80.026,513.28,-92.38,62.469,15.634
-556.84,-80.007,511.77,-91.427,62.53,16.947
-556.76,-80.005,510.26,-90.361,62.589,18.419
-556.74,-80.012,508.74,-89.136,62.641,20.088
-556.76,-80.027,507.24,-87.643,62.674,22.05
-556.83,-80.04,505.73,-85.869,62.673,24.307
-556.95,-80.056,504.24,-83.773,62.621,26.9
-557.15,-80.062,502.72,-81.486,62.513,29.702
-557.43,-80.072,501.18,-79.048,62.341,32.676
-557.81,-80.07,499.59,-76.605,62.116,35.68
-558.27,-80.063,497.95,-74.21,61.849,38.692
-558.83,-80.047,496.23,-72.048,61.585,41.54
-559.48,-80.041,494.44,-70.151,61.354,44.218
-560.23,-80.023,492.56,-68.636,61.198,46.581
-561.04,-80.016,490.59,-67.47,61.131,48.66
-561.93,-80.008,488.52,-66.798,61.193,50.248
-562.87,-80.019,486.36,-66.557,61.376,51.392
-563.86,-80.034,484.09,-66.864,61.687,51.881
-564.85,-80.078,481.75,-67.65,62.087,51.758
-565.87,-80.139,479.32,-69.052,62.575,50.843
-566.87,-80.25,476.82,-71,63.103,49.213
-567.85,-80.404,474.26,-73.556,63.638,46.782
-568.78,-80.612,471.68,-76.552,64.121,43.76
-569.66,-80.87,469.08,-79.98,64.517,40.147
-570.45,-81.179,466.51,-83.538,64.779,36.274
-571.15,-81.501,463.98,-87.09,64.897,32.28
-571.71,-81.814,461.55,-90.376,64.871,28.428
-572.12,-82.098,459.22,-93.275,64.735,24.875
-572.37,-82.332,457.03,-95.689,64.529,21.756
-572.45,-82.506,454.97,-97.64,64.292,19.097
-572.34,-82.62,453.06,-99.16,64.059,16.916
-572.09,-82.675,451.27,-100.36,63.852,15.159
-571.7,-82.688,449.6,-101.32,63.68,13.758
-571.21,-82.67,448.03,-102.08,63.555,12.723
-570.64,-82.624,446.53,-102.71,63.468,11.947
-570.02,-82.551,445.09,-103.19,63.418,11.429
-569.37,-82.469,443.69,-103.53,63.394,11.114
-568.72,-82.375,442.31,-103.72,63.39,10.979
-568.05,-82.284,440.96,-103.81,63.396,10.945
-567.38,-82.201,439.61,-103.8,63.408,11
-566.85,-82.153,438.53,-103.93,63.429,11.006
-566.17,-82.291,437.84,-104.21,63.456,10.939
-565.25,-82.747,437.58,-104.69,63.489,10.775
-564.13,-83.452,437.74,-105.36,63.525,10.517
-562.77,-84.465,438.32,-106.23,63.562,10.155
-561.07,-85.665,439.05,-107.11,63.595,9.7889
-559.37,-86.884,439.79,-107.99,63.625,9.4201
-557.75,-87.972,440.5,-108.87,63.65,9.0486
-556.19,-88.964,441.18,-109.75,63.671,8.6749
-554.74,-89.774,441.82,-110.64,63.688,8.2992
-553.35,-90.472,442.42,-111.53,63.701,7.922
-552.05,-91.038,443,-112.43,63.709,7.5435
-550.85,-91.443,443.53,-113.32,63.713,7.1643
-549.75,-91.672,444.01,-114.21,63.713,6.7846
-548.77,-91.713,444.45,-115.11,63.709,6.4048
-547.91,-91.552,444.84,-116,63.7,6.0253
-547.18,-91.184,445.18,-116.9,63.687,5.6466
-546.56,-90.619,445.46,-117.79,63.67,5.2689
-546.07,-89.861,445.7,-118.68,63.648,4.8926
-545.68,-88.925,445.89,-119.57,63.622,4.5182
-545.39,-87.833,446.05,-120.46,63.592,4.1459
-545.18,-86.605,446.16,-121.34,63.558,3.7761
-545.05,-85.26,446.25,-122.22,63.52,3.4092
-544.97,-83.817,446.32,-123.1,63.478,3.0455
-544.95,-82.285,446.36,-123.97,63.432,2.6853
-544.97,-80.67,446.38,-124.84,63.382,2.329
-545.05,-78.981,446.38,-125.7,63.328,1.9768
-545.2,-77.158,446.35,-126.56,63.27,1.6291
-545.39,-75.266,446.3,-127.41,63.208,1.2861
-545.65,-73.275,446.23,-128.26,63.143,0.94798
-545.87,-71.34,446.17,-129.1,63.075,0.61511
-546.01,-69.738,446.15,-129.77,63.017,0.35242
-546.23,-68.58,446.4,-130.32,62.98,0.16277
-546.57,-67.822,446.94,-130.72,62.984,0.091503
-546.99,-67.519,447.76,-130.99,63.037,0.15341
-547.6,-67.537,448.85,-131.03,63.184,0.45135
-548.43,-67.623,450.2,-130.95,63.434,0.98991
-549.27,-67.727,451.6,-130.54,63.829,1.9016
-550.11,-67.843,453.07,-129.69,64.38,3.269
-550.95,-67.94,454.62,-128.17,65.12,5.286
-551.75,-68.01,456.27,-125.88,66.02,8.0492
-552.48,-68.017,458.05,-122.53,67.047,11.782
-553.1,-67.964,459.98,-117.92,68.123,16.696
-553.57,-67.85,462.06,-111.88,69.111,22.915
-553.82,-67.706,464.33,-104.33,69.856,30.536
-553.84,-67.535,466.78,-95.469,70.176,39.339
-553.59,-67.372,469.39,-86.255,69.926,48.372
-553.05,-67.188,472,-78.89,69.209,55.327
-552.25,-67.013,474.61,-73.513,68.298,60.117
-551.25,-66.843,477.18,-70.098,67.434,62.817
-550.09,-66.696,479.69,-68.401,66.764,63.699
-548.84,-66.568,482.11,-68.005,66.34,63.268
-547.56,-66.525,484.56,-67.661,65.974,62.894
-546.3,-66.56,487.01,-67.385,65.682,62.595
-545.07,-66.678,489.44,-67.183,65.469,62.376
-543.91,-66.868,491.84,-67.057,65.335,62.239
-542.81,-67.127,494.21,-66.998,65.273,62.175
-541.81,-67.427,496.52,-67.012,65.288,62.19
-540.9,-67.758,498.79,-67.088,65.368,62.272
-540.09,-68.088,500.99,-67.213,65.499,62.406
-539.38,-68.407,503.14,-67.361,65.655,62.564
-538.76,-68.702,505.24,-67.516,65.817,62.728
-538.22,-68.973,507.29,-67.662,65.97,62.882
-537.77,-69.168,509.2,-68.622,66.25,62.106
-537.37,-69.295,510.97,-70.469,66.639,60.312
-537.05,-69.354,512.61,-73.252,67.102,57.475
-536.79,-69.37,514.12,-76.976,67.578,53.605
-536.6,-69.346,515.51,-81.647,68.001,48.731
-536.49,-69.323,516.87,-86.2,68.266,44.019
-536.48,-69.289,518.21,-90.451,68.39,39.654
-536.51,-69.265,519.56,-94.385,68.407,35.657
-536.61,-69.242,520.9,-97.986,68.348,32.052
-536.74,-69.224,522.24,-101.29,68.225,28.774
-536.92,-69.204,523.58,-104.41,68.04,25.692
-537.13,-69.191,524.9,-107.43,67.789,22.703
-537.37,-69.161,526.19,-110.41,67.454,19.715
-537.63,-69.118,527.43,-113.46,67.011,16.6
-537.93,-69.058,528.63,-116.61,66.437,13.322
-538.23,-68.978,529.78,-119.83,65.706,9.8896
-538.54,-68.88,530.87,-123.06,64.813,6.3755
-538.86,-68.775,531.94,-126.22,63.774,2.8962
-539.21,-68.664,532.96,-129.2,62.612,-0.43553
-539.6,-68.558,533.97,-131.93,61.378,-3.5066
-540.05,-68.47,534.96,-134.33,60.125,-6.2437
-540.56,-68.38,535.94,-136.4,58.899,-8.6287
-541.17,-68.301,536.91,-138.15,57.742,-10.661
-541.86,-68.232,537.86,-139.64,56.657,-12.404
-542.64,-68.167,538.8,-140.89,55.643,-13.918
-543.48,-68.098,539.73,-141.99,54.687,-15.252
-544.37,-68.045,540.65,-142.97,53.774,-16.446
-545.31,-67.995,541.56,-143.87,52.882,-17.55
-546.27,-67.961,542.46,-144.7,52.013,-18.566
-547.27,-67.933,543.35,-145.47,51.16,-19.514
-548.3,-67.914,544.23,-146.19,50.317,-20.407
-549.38,-67.905,545.09,-146.85,49.487,-21.253
-550.5,-67.904,545.94,-147.47,48.66,-22.067
-551.69,-67.891,546.74,-148.03,47.837,-22.865
-552.91,-67.875,547.53,-148.55,47.007,-23.647
-554.19,-67.856,548.28,-149.05,46.173,-24.413
-555.5,-67.839,549.02,-149.54,45.324,-25.161
-556.85,-67.82,549.73,-150.02,44.481,-25.868
-558.22,-67.801,550.44,-150.49,43.646,-26.516
-559.64,-67.774,551.14,-150.95,42.834,-27.111
-561.07,-67.742,551.84,-151.39,42.055,-27.642
-562.55,-67.688,552.53,-151.8,41.319,-28.111
-564.06,-67.614,553.22,-152.17,40.638,-28.529
-565.61,-67.515,553.9,-152.48,40.021,-28.91
-567.18,-67.405,554.58,-152.75,39.465,-29.251
-568.78,-67.272,555.26,-152.96,38.97,-29.574
-570.4,-67.14,555.95,-153.12,38.545,-29.868
-572.03,-67.003,556.63,-153.24,38.167,-30.152
-573.67,-66.875,557.33,-153.33,37.827,-30.424
-575.32,-66.751,558.03,-153.41,37.518,-30.676
-576.98,-66.634,558.73,-153.49,37.233,-30.896
-578.67,-66.509,559.42,-153.57,36.967,-31.09
-580.4,-66.393,560.09,-153.68,36.71,-31.224
-582.19,-66.279,560.74,-153.83,36.473,-31.288
-584.03,-66.18,561.38,-154.01,36.261,-31.261
-585.94,-66.094,561.99,-154.24,36.092,-31.138
-587.88,-66.037,562.6,-154.5,35.958,-30.922
-589.88,-66.002,563.2,-154.77,35.88,-30.622
-591.9,-66.003,563.81,-155.08,35.857,-30.238
-593.94,-66.029,564.42,-155.38,35.893,-29.802
-595.97,-66.084,565.05,-155.69,35.972,-29.312
-598.01,-66.15,565.69,-156,36.103,-28.783
-600.03,-66.233,566.35,-156.32,36.277,-28.216
-602.05,-66.322,567.03,-156.64,36.508,-27.602
-604.07,-66.424,567.73,-156.98,36.787,-26.936
-606.08,-66.537,568.44,-157.34,37.126,-26.224
-608.08,-66.675,569.19,-157.7,37.538,-25.456
-610.07,-66.83,569.95,-158.06,38.018,-24.648
-612.02,-67.009,570.76,-158.44,38.547,-23.814
-613.93,-67.21,571.59,-158.82,39.112,-22.965
-615.78,-67.434,572.47,-159.23,39.672,-22.129
-617.58,-67.674,573.36,-159.64,40.211,-21.325
-619.31,-67.929,574.28,-160.08,40.695,-20.573
-620.99,-68.179,575.2,-160.53,41.101,-19.89
-622.6,-68.422,576.14,-160.99,41.418,-19.283
-624.18,-68.655,577.07,-161.44,41.659,-18.748
-625.71,-68.872,578.01,-161.89,41.826,-18.283
-627.22,-69.071,578.94,-162.33,41.949,-17.868
-628.7,-69.253,579.88,-162.74,42.049,-17.494
-630.16,-69.42,580.83,-163.13,42.144,-17.142
-631.6,-69.57,581.79,-163.5,42.244,-16.807
-633.03,-69.706,582.76,-163.87,42.349,-16.475
-634.42,-69.831,583.74,-164.25,42.452,-16.144
-635.81,-69.951,584.72,-164.64,42.547,-15.812
-637.17,-70.062,585.72,-165.04,42.626,-15.493
-638.51,-70.173,586.72,-165.45,42.674,-15.182
-639.81,-70.272,587.73,-165.86,42.693,-14.894
-641.07,-70.362,588.76,-166.25,42.683,-14.633
-642.26,-70.438,589.82,-166.6,42.652,-14.412
-643.18,-70.501,590.66,-166.9,42.567,-14.249
-643.56,-70.483,591.62,-167.14,42.442,-14.143
-643.35,-70.435,592.77,-167.34,42.278,-14.08
-642.6,-70.331,594.05,-167.5,42.076,-14.058
-641.31,-70.193,595.49,-167.64,41.835,-14.063
-639.78,-69.969,597.19,-167.79,41.594,-14.067
-638.29,-69.717,598.83,-167.93,41.353,-14.069
-636.94,-69.39,600.28,-168.07,41.112,-14.069
-635.69,-69.004,601.59,-168.21,40.87,-14.067
-634.59,-68.532,602.7,-168.34,40.629,-14.064
-633.57,-68.017,603.7,-168.48,40.387,-14.059
-632.64,-67.449,604.58,-168.62,40.145,-14.052
-631.8,-66.827,605.32,-168.75,39.904,-14.043
-631.06,-66.146,605.93,-168.89,39.662,-14.033
-630.43,-65.405,606.38,-169.02,39.42,-14.021
-629.9,-64.607,606.7,-169.16,39.178,-14.007
-629.47,-63.753,606.89,-169.29,38.936,-13.992
-629.13,-62.846,606.95,-169.42,38.695,-13.975
-628.88,-61.888,606.89,-169.55,38.453,-13.956
-628.72,-60.877,606.7,-169.68,38.211,-13.936
-628.66,-59.813,606.38,-169.81,37.969,-13.914
-628.69,-58.693,605.92,-169.94,37.728,-13.89
-628.81,-57.519,605.34,-170.07,37.486,-13.865
-629.03,-56.29,604.63,-170.2,37.245,-13.838
-629.35,-55.01,603.79,-170.32,37.004,-13.81
-629.74,-53.685,602.84,-170.45,36.763,-13.78
-630.19,-52.32,601.8,-170.58,36.522,-13.748
-630.74,-50.908,600.64,-170.7,36.281,-13.715
-631.3,-49.481,599.45,-170.83,36.041,-13.68
-631.91,-48.031,598.2,-170.95,35.8,-13.643
-632.45,-46.622,597.05,-171.07,35.56,-13.605
-632.84,-45.42,596.16,-171.17,35.369,-13.574
-632.85,-44.535,595.32,-171.23,35.188,-13.571
-632.5,-43.954,594.51,-171.26,35.006,-13.597
-631.73,-43.69,593.76,-171.26,34.815,-13.656
-630.62,-43.687,592.95,-171.22,34.591,-13.752
-629.24,-43.779,591.94,-171.18,34.283,-13.88
-627.79,-43.883,590.96,-171.14,33.91,-14.026
-626.28,-43.99,589.98,-171.1,33.468,-14.187
-624.72,-44.097,589.03,-171.06,32.957,-14.37
-623.13,-44.198,588.07,-171.01,32.372,-14.586
-621.52,-44.294,587.14,-170.94,31.848,-14.809
-619.91,-44.374,586.23,-170.85,31.431,-15.027
-618.27,-44.437,585.36,-170.71,31.136,-15.252
-616.64,-44.487,584.52,-170.55,30.975,-15.471
-614.98,-44.532,583.73,-170.36,30.974,-15.673
-613.3,-44.582,582.96,-170.16,31.003,-15.869
-611.57,-44.643,582.22,-169.97,31.032,-16.067
-609.82,-44.711,581.49,-169.77,31.063,-16.265
-608.02,-44.786,580.79,-169.56,31.095,-16.473
-606.19,-44.87,580.11,-169.36,31.127,-16.675
-604.31,-44.95,579.45,-169.15,31.161,-16.886
-602.41,-45.028,578.81,-168.94,31.197,-17.099
-600.48,-45.11,578.18,-168.73,31.232,-17.309
-598.54,-45.187,577.56,-168.54,31.266,-17.506
-596.58,-45.257,576.95,-168.34,31.301,-17.704
-594.61,-45.324,576.35,-168.15,31.335,-17.895
-592.63,-45.386,575.75,-167.97,31.369,-18.082
-590.65,-45.439,575.15,-167.79,31.402,-18.263
-588.68,-45.491,574.55,-167.62,31.433,-18.432
-586.7,-45.536,573.94,-167.46,31.464,-18.594
-584.72,-45.577,573.34,-167.31,31.493,-18.748
-582.74,-45.623,572.74,-167.19,31.517,-18.872
-580.76,-45.685,572.15,-167.1,31.534,-18.957
-578.77,-45.765,571.56,-167.05,31.545,-19.01
-576.78,-45.875,570.96,-167.05,31.544,-19.008
-574.83,-46.018,570.35,-167.1,31.534,-18.954
-572.9,-46.185,569.73,-167.2,31.515,-18.859
-571.01,-46.371,569.09,-167.32,31.492,-18.739
-569.15,-46.561,568.43,-167.45,31.466,-18.604
-567.35,-46.745,567.74,-167.58,31.441,-18.473
-565.58,-46.917,567.02,-167.7,31.418,-18.348
-563.86,-47.075,566.28,-167.81,31.398,-18.242
-562.15,-47.218,565.53,-167.9,31.382,-18.154
-560.47,-47.36,564.77,-167.97,31.368,-18.076
-558.8,-47.504,564,-168.07,31.351,-17.983
-557.14,-47.654,563.22,-168.16,31.335,-17.891
-555.49,-47.818,562.44,-168.26,31.317,-17.792
-553.86,-47.989,561.65,-168.37,31.296,-17.675
-552.24,-48.173,560.86,-168.5,31.273,-17.541
-550.64,-48.356,560.05,-168.63,31.251,-17.416
-549.04,-48.528,559.24,-168.75,31.231,-17.298
-547.48,-48.69,558.41,-168.85,31.214,-17.197
-545.91,-48.84,557.58,-168.93,31.2,-17.112
-544.36,-48.975,556.74,-168.99,31.189,-17.048
-542.82,-49.101,555.91,-169.04,31.224,-16.987
-541.33,-49.222,555.07,-169.07,31.371,-16.899
-539.87,-49.33,554.25,-169.1,31.681,-16.763
-538.49,-49.433,553.44,-169.12,32.207,-16.561
-537.2,-49.523,552.64,-169.1,33.017,-16.286
-536.03,-49.601,551.86,-169.05,34.161,-15.926
-534.98,-49.663,551.1,-168.95,35.675,-15.473
-534.05,-49.708,550.37,-168.76,37.598,-14.916
-533.24,-49.732,549.69,-168.46,39.939,-14.253
-532.54,-49.739,549.05,-168.01,42.707,-13.445
-531.91,-49.733,548.48,-167.39,45.813,-12.474
-531.32,-49.726,547.96,-166.58,49.155,-11.317
-530.76,-49.728,547.46,-165.57,52.588,-9.954
-530.2,-49.746,546.96,-164.37,55.976,-8.3815
-529.64,-49.785,546.42,-162.99,59.147,-6.6425
-529.09,-49.838,545.8,-161.45,62.049,-4.7485
-528.55,-49.916,545.09,-159.8,64.578,-2.7831
-528.03,-50.002,544.26,-158.05,66.742,-0.77864
-527.54,-50.088,543.33,-156.23,68.561,1.2249
-527.06,-50.165,542.31,-154.34,70.087,3.2215
-526.61,-50.23,541.2,-152.41,71.341,5.1835
-526.18,-50.276,540.04,-150.4,72.406,7.1561
-525.77,-50.306,538.82,-148.33,73.306,9.1337
-525.36,-50.323,537.57,-146.21,74.094,11.151
-524.97,-50.336,536.29,-144,74.807,13.244
-524.6,-50.361,534.99,-141.72,75.478,15.446
-524.27,-50.394,533.67,-139.25,76.121,17.851
-523.97,-50.441,532.34,-136.55,76.76,20.513
-523.7,-50.498,531,-133.48,77.397,23.565
-523.47,-50.569,529.65,-129.95,78.037,27.115
-523.28,-50.64,528.29,-125.74,78.667,31.343
-523.12,-50.712,526.94,-120.67,79.274,36.435
-522.99,-50.769,525.59,-114.52,79.804,42.584
-522.89,-50.821,524.23,-107.18,80.217,49.888
-522.84,-50.855,522.86,-98.794,80.432,58.182
-522.83,-50.868,521.42,-91.353,80.389,65.437
-522.87,-50.853,519.88,-85.598,80.165,70.903
-522.97,-50.82,518.25,-81.677,79.865,74.468
-523.13,-50.762,516.5,-79.592,79.544,76.111
-523.34,-50.699,514.66,-79.173,79.268,76.055
-523.62,-50.629,512.77,-78.959,78.985,75.765
-523.97,-50.559,510.84,-78.745,78.707,75.482
-524.4,-50.478,508.86,-78.517,78.414,75.187
-524.9,-50.379,506.84,-78.273,78.104,74.877
-525.5,-50.243,504.77,-77.996,77.756,74.53
-526.19,-50.076,502.64,-77.702,77.39,74.168
-527,-49.86,500.44,-77.382,76.994,73.776
-527.93,-49.622,498.17,-77.072,76.609,73.393
-528.97,-49.357,495.84,-76.763,76.227,73.012
-530.09,-49.084,493.46,-76.482,75.882,72.667
-531.29,-48.796,491.03,-76.229,75.572,72.358
-532.51,-48.529,488.59,-76.041,75.342,72.128
-533.72,-48.289,486.16,-75.914,75.186,71.971
-534.86,-48.104,483.78,-75.883,75.148,71.932
-535.9,-47.952,481.45,-75.934,75.211,71.996
-536.78,-47.861,479.22,-76.076,75.385,72.171
-537.44,-47.766,476.92,-79.49,75.801,69.091
-537.82,-47.658,474.51,-87.804,76.293,61.052
-537.9,-47.531,472.01,-100.85,76.292,48.115
-537.66,-47.41,469.45,-116.46,75.155,32.439
-537.08,-47.307,466.83,-130.9,72.507,17.695
-536.23,-47.267,464.39,-140.51,69.163,7.6592
-535.21,-47.27,462.22,-146.26,65.95,1.4219
-534.11,-47.309,460.27,-149.74,63.2,-2.5527
-533.01,-47.381,458.54,-151.81,61.076,-5.0798
-531.95,-47.471,456.98,-152.99,59.604,-6.6334
-530.96,-47.569,455.56,-153.62,58.696,-7.5311
-530.22,-47.667,454.45,-154.01,58.185,-8.0124
-529.32,-47.756,453.89,-154.29,57.943,-8.225
-528.15,-47.881,453.9,-154.58,57.825,-8.31
-526.76,-48.009,454.43,-154.9,57.774,-8.3246
-525.1,-48.165,455.5,-155.31,57.728,-8.323
-523.13,-48.271,456.76,-155.72,57.682,-8.3202
-521.26,-48.324,457.95,-156.12,57.637,-8.3162
-519.57,-48.269,459.02,-156.53,57.591,-8.311
-518.03,-48.13,459.98,-156.93,57.545,-8.3045
-516.69,-47.871,460.8,-157.34,57.5,-8.2969
-515.45,-47.562,461.56,-157.74,57.454,-8.288
-514.3,-47.195,462.24,-158.14,57.409,-8.2779
-513.26,-46.766,462.86,-158.55,57.363,-8.2667
-512.35,-46.267,463.39,-158.95,57.318,-8.2542
-511.56,-45.693,463.83,-159.35,57.272,-8.2406
-510.91,-45.04,464.17,-159.75,57.227,-8.2258
-510.41,-44.306,464.42,-160.15,57.182,-8.2098
-510.05,-43.485,464.56,-160.54,57.137,-8.1926
-509.83,-42.584,464.61,-160.94,57.092,-8.1744
-509.75,-41.605,464.57,-161.34,57.047,-8.1549
-509.8,-40.549,464.43,-161.73,57.002,-8.1343
-509.97,-39.421,464.2,-162.12,56.958,-8.1127
-510.26,-38.227,463.9,-162.52,56.914,-8.0899
-510.66,-36.97,463.52,-162.91,56.87,-8.066
-511.17,-35.653,463.06,-163.3,56.826,-8.041
-511.77,-34.279,462.54,-163.69,56.782,-8.0149
-512.47,-32.85,461.96,-164.08,56.739,-7.9878
-513.32,-31.332,461.26,-164.46,56.696,-7.9597
-514.25,-29.766,460.51,-164.85,56.653,-7.9305
-515.3,-28.132,459.68,-165.23,56.611,-7.9003
-516.32,-26.518,458.87,-165.61,56.568,-7.8691
-517.13,-25.138,458.22,-165.92,56.535,-7.8435
-517.85,-24.085,458.03,-166.13,56.53,-7.8166
-518.53,-23.331,458.27,-166.21,56.63,-7.7548
-519.15,-22.9,458.98,-166.14,56.89,-7.6342
-519.85,-22.714,460.09,-165.88,57.408,-7.404
-520.8,-22.572,461.5,-165.45,58.254,-7.0058
-521.82,-22.431,462.99,-164.8,59.582,-6.326
-522.9,-22.313,464.61,-163.88,61.483,-5.2425
-524.02,-22.241,466.39,-162.57,64.004,-3.6002
-525.13,-22.239,468.35,-160.7,67.15,-1.1607
-526.14,-22.338,470.52,-157.93,70.859,2.4531
-526.97,-22.547,472.9,-153.52,74.962,7.9756
-527.57,-22.854,475.47,-145.53,79.188,17.267
-527.88,-23.231,477.99,-133.51,82.495,30.703
-527.9,-23.634,480.42,-116.51,84.742,49.159
-527.68,-24.033,482.75,-96.825,86.038,70.294
-527.28,-24.39,484.96,-82.313,86.765,86.121
-526.72,-24.684,487.02,-81.583,87.405,87.973
-526.05,-24.921,489.14,-80.533,87.947,89.974
-525.3,-25.117,491.31,-78.758,88.417,92.575
-524.5,-25.267,493.5,-76.007,88.794,95.996
-523.68,-25.387,495.69,-71.484,89.115,101.1
-522.87,-25.481,497.89,-64.132,89.371,108.93
-522.06,-25.562,500.08,-49.122,89.587,124.38
-521.29,-25.625,502.25,-20.895,89.713,152.98
-520.58,-25.67,504.38,15.423,89.722,-170.4
-519.93,-25.694,506.48,38.565,89.656,-147.01
-519.34,-25.709,508.54,52.771,89.554,-132.56
-518.84,-25.709,510.56,60.414,89.451,-124.7
-518.42,-25.698,512.52,65.254,89.348,-119.66
-518.11,-25.676,514.42,68.469,89.251,-116.26
-517.88,-25.644,516.28,70.764,89.159,-113.8
-517.76,-25.608,517.99,95.796,89.108,-88.599
-517.72,-25.572,519.58,129.52,88.74,-54.721
-517.73,-25.535,521.06,150.38,87.898,-33.735
-517.79,-25.494,522.44,161,86.678,-23.026
-517.88,-25.455,523.73,166.83,85.116,-17.129
-518,-25.419,525.03,169.71,83.612,-14.18
-518.15,-25.384,526.31,171.38,82.144,-12.432
-518.32,-25.348,527.58,172.47,80.687,-11.251
-518.52,-25.315,528.83,173.22,79.184,-10.387
-518.73,-25.283,530.04,173.76,77.618,-9.7061
-518.96,-25.247,531.21,174.25,75.945,-9.0857
-519.21,-25.212,532.35,174.72,74.2,-8.519
-519.5,-25.176,533.45,175.14,72.392,-8.0105
-519.82,-25.138,534.53,175.51,70.566,-7.5696
-520.18,-25.104,535.58,175.82,68.753,-7.195
-520.58,-25.075,536.62,176.03,66.999,-6.8896
-521.03,-25.046,537.65,176.15,65.318,-6.6351
-521.53,-25.026,538.68,176.15,63.726,-6.4197
-522.06,-25.01,539.71,176.07,62.226,-6.2213
-522.62,-24.994,540.75,175.96,60.791,-6.0248
-523.2,-24.984,541.78,175.87,59.392,-5.8227
-523.8,-24.968,542.8,175.8,58.007,-5.6155
-524.42,-24.946,543.81,175.79,56.619,-5.4089
-525.07,-24.923,544.8,175.83,55.193,-5.2043
-525.74,-24.894,545.76,175.92,53.741,-5.0121
-526.46,-24.852,546.69,176.03,52.266,-4.8325
-527.22,-24.802,547.6,176.15,50.774,-4.6686
-528.02,-24.739,548.48,176.29,49.277,-4.521
-528.86,-24.661,549.35,176.44,47.798,-4.3955
-529.75,-24.575,550.2,176.58,46.358,-4.2904
-530.66,-24.48,551.06,176.75,44.979,-4.2166
-531.6,-24.375,551.9,176.93,43.62,-4.1723
-532.55,-24.261,552.75,177.14,42.285,-4.1702
-533.52,-24.133,553.6,177.4,40.965,-4.2155
-534.5,-23.998,554.44,177.67,39.668,-4.2933
-535.53,-23.858,555.26,177.94,38.38,-4.4004
-536.58,-23.716,556.08,178.21,37.125,-4.5288
-537.69,-23.575,556.88,178.45,35.903,-4.6639
-538.83,-23.436,557.68,178.66,34.749,-4.7876
-540.04,-23.303,558.45,178.84,33.653,-4.9013
-541.28,-23.176,559.23,178.99,32.645,-5.0037
-542.58,-23.043,560.02,179.13,31.771,-5.1087
-543.93,-22.911,560.82,179.24,31.118,-5.2046
-545.35,-22.777,561.63,179.35,30.655,-5.3025
-546.79,-22.633,562.46,179.46,30.38,-5.4125
-548.29,-22.489,563.31,179.58,30.268,-5.5248
-549.83,-22.349,564.15,179.69,30.268,-5.6343
-551.4,-22.209,564.98,179.79,30.267,-5.7344
-552.98,-22.085,565.8,179.87,30.267,-5.819
-554.58,-21.974,566.61,179.93,30.267,-5.8811
-556.2,-21.862,567.42,179.98,30.267,-5.9322
-557.84,-21.759,568.2,-179.98,30.267,-5.967
-559.49,-21.653,568.99,-179.94,30.267,-6.0115
-561.16,-21.54,569.76,-179.89,30.267,-6.0649
-562.85,-21.414,570.52,-179.8,30.267,-6.1513
-564.58,-21.278,571.26,-179.69,30.268,-6.2658
-566.33,-21.126,571.98,-179.53,30.268,-6.4199
-568.12,-20.969,572.68,-179.36,30.269,-6.5967
-569.95,-20.802,573.36,-179.15,30.272,-6.8079
-571.83,-20.631,574.01,-178.93,30.275,-7.031
-573.76,-20.455,574.63,-178.7,30.279,-7.2605
-575.72,-20.282,575.23,-178.5,30.283,-7.4666
-577.7,-20.103,575.83,-178.29,30.289,-7.6732
-579.71,-19.913,576.4,-178.09,30.294,-7.8735
-581.72,-19.719,576.98,-177.9,30.3,-8.0674
-583.72,-19.526,577.55,-177.72,30.306,-8.2469
-585.72,-19.33,578.13,-177.54,30.313,-8.4312
-587.7,-19.137,578.72,-177.37,30.319,-8.6061
-589.65,-18.953,579.34,-177.21,30.326,-8.7635
-591.57,-18.772,579.96,-177.06,30.332,-8.9111
-593.42,-18.594,580.62,-176.91,30.339,-9.0663
-595.24,-18.41,581.31,-176.74,30.347,-9.2407
-597.01,-18.228,582.02,-176.56,30.356,-9.4189
-598.74,-18.045,582.75,-176.37,30.366,-9.6072
-600.41,-17.86,583.52,-176.17,30.378,-9.8071
-602.06,-17.671,584.3,-175.96,30.39,-10.018
-603.68,-17.498,585.1,-175.78,30.402,-10.207
-605.29,-17.332,585.9,-175.61,30.413,-10.38
-606.88,-17.181,586.71,-175.46,30.423,-10.523
-608.48,-17.041,587.52,-175.35,30.432,-10.641
-610.05,-16.915,588.36,-175.27,30.469,-10.716
-611.65,-16.788,589.21,-175.21,30.654,-10.751
-613.23,-16.662,590.11,-175.16,30.981,-10.747
-614.83,-16.526,591.02,-175.11,31.434,-10.729
-616.41,-16.39,591.97,-175.07,31.997,-10.688
-617.98,-16.251,592.94,-175.01,32.62,-10.643
-619.49,-16.111,593.93,-174.95,33.166,-10.612
-620.93,-15.972,594.94,-174.88,33.62,-10.605
-622.28,-15.844,595.97,-174.81,33.978,-10.611
-623.34,-15.75,596.81,-174.77,34.236,-10.602
-623.85,-15.547,597.76,-174.78,34.414,-10.569
-623.78,-15.253,598.92,-174.82,34.531,-10.512
-623.19,-14.855,600.23,-174.9,34.607,-10.427
-622.07,-14.358,601.71,-175.02,34.667,-10.315
-620.72,-13.71,603.47,-175.13,34.727,-10.203
-619.41,-13.053,605.17,-175.25,34.787,-10.092
-618.24,-12.361,606.68,-175.36,34.848,-9.9812
-617.18,-11.643,608.03,-175.48,34.909,-9.8708
-616.29,-10.882,609.14,-175.6,34.971,-9.7608
-615.5,-10.095,610.1,-175.71,35.033,-9.6512
-614.82,-9.2809,610.91,-175.83,35.096,-9.5421
-614.24,-8.4393,611.55,-175.94,35.16,-9.4333
-613.78,-7.5718,612.05,-176.06,35.223,-9.3249
-613.4,-6.6818,612.41,-176.18,35.287,-9.217
-613.1,-5.7702,612.66,-176.29,35.352,-9.1095
-612.89,-4.8382,612.78,-176.41,35.417,-9.0025
-612.75,-3.888,612.8,-176.52,35.483,-8.8959
-612.7,-2.9166,612.7,-176.64,35.549,-8.7897
-612.74,-1.9217,612.47,-176.76,35.615,-8.684
-612.87,-0.90275,612.09,-176.87,35.682,-8.5787
-613.1,0.14124,611.58,-176.99,35.75,-8.4739
-613.44,1.2114,610.91,-177.11,35.817,-8.3695
-613.88,2.3058,610.1,-177.22,35.886,-8.2657
-614.4,3.4223,609.17,-177.34,35.954,-8.1623
-615,4.5588,608.12,-177.46,36.023,-8.0593
-615.68,5.713,606.97,-177.57,36.093,-7.9569
-616.43,6.8863,605.71,-177.69,36.163,-7.8549
-617.2,8.0658,604.41,-177.81,36.233,-7.7534
-618.01,9.2538,603.06,-177.92,36.304,-7.6525
-618.73,10.421,601.84,-178.04,36.375,-7.552
-619.28,11.409,600.89,-178.13,36.432,-7.472
-619.43,12.125,600,-178.24,36.412,-7.3876
-619.18,12.575,599.14,-178.36,36.299,-7.2975
-618.5,12.751,598.34,-178.49,36.075,-7.1991
-617.47,12.679,597.47,-178.64,35.717,-7.0882
-616.16,12.508,596.38,-178.85,35.232,-6.936
-614.77,12.327,595.32,-179.06,34.681,-6.7705
-613.32,12.144,594.29,-179.26,34.074,-6.6047
-611.8,11.971,593.28,-179.44,33.421,-6.4579
-610.25,11.808,592.29,-179.59,32.74,-6.3346
-608.65,11.657,591.32,-179.7,32.041,-6.2392
-607.04,11.52,590.36,-179.78,31.404,-6.1667
-605.43,11.397,589.44,-179.84,30.902,-6.1126
-603.84,11.281,588.55,-179.88,30.544,-6.0742
-602.25,11.175,587.68,-179.9,30.333,-6.047
-600.71,11.071,586.82,-179.93,30.267,-6.0219
-599.16,10.968,585.98,-179.95,30.267,-5.9973
-597.61,10.859,585.14,-179.98,30.267,-5.9659
-596.04,10.746,584.31,179.97,30.267,-5.9232
-594.45,10.626,583.49,179.92,30.267,-5.867
-592.82,10.496,582.7,179.83,30.267,-5.7796
-591.16,10.352,581.92,179.71,30.267,-5.6569
-589.48,10.198,581.16,179.56,30.268,-5.5052
-587.78,10.031,580.41,179.37,30.269,-5.315
-586.05,9.8531,579.67,179.16,30.272,-5.099
-584.32,9.6699,578.94,178.93,30.275,-4.8667
-582.58,9.4898,578.21,178.7,30.279,-4.6434
-580.85,9.3103,577.47,178.48,30.284,-4.4194
-579.1,9.1354,576.75,178.27,30.289,-4.2099
-577.37,8.9569,576.02,178.06,30.295,-3.9899
-575.62,8.787,575.29,177.85,30.301,-3.7867
-573.89,8.6218,574.56,177.65,30.308,-3.5847
-572.15,8.4665,573.83,177.48,30.315,-3.4107
-570.44,8.305,573.09,177.29,30.322,-3.2212
-568.73,8.1519,572.34,177.12,30.33,-3.0515
-567.05,8.0041,571.57,176.98,30.336,-2.9035
-565.35,7.8753,570.82,176.89,30.341,-2.8113
-563.67,7.7522,570.05,176.82,30.344,-2.7429
-561.98,7.65,569.29,176.8,30.345,-2.7248
-560.3,7.5574,568.53,176.81,30.345,-2.7315
-558.6,7.4799,567.77,176.85,30.342,-2.7793
-556.94,7.405,566.99,176.91,30.34,-2.8311
-555.28,7.3315,566.21,176.96,30.337,-2.8835
-553.66,7.2493,565.41,177,30.336,-2.9231
-552.05,7.1744,564.59,177.05,30.333,-2.9738
-550.5,7.0884,563.76,177.07,30.332,-2.9994
-548.98,6.9911,562.92,177.08,30.424,-3.0179
-547.53,6.8928,562.07,177.07,30.659,-3.0289
-546.13,6.7934,561.23,177.06,31.04,-3.0473
-544.79,6.6819,560.4,177.01,31.565,-3.0505
-543.47,6.5703,559.58,176.95,32.248,-3.0576
-542.2,6.453,558.76,176.87,33.008,-3.0569
-540.95,6.3397,557.93,176.81,33.817,-3.0743
-539.73,6.2358,557.11,176.74,34.697,-3.1079
-538.53,6.1452,556.3,176.7,35.655,-3.174
-537.38,6.068,555.48,176.68,36.685,-3.2682
-536.28,6.0141,554.65,176.69,37.791,-3.3969
-535.23,5.9705,553.79,176.72,38.94,-3.5394
-534.22,5.9337,552.93,176.75,40.114,-3.6881
-533.25,5.8951,552.04,176.77,41.29,-3.8295
-532.32,5.851,551.14,176.78,42.444,-3.9569
-531.4,5.7945,550.21,176.75,43.552,-4.0609
-530.48,5.7206,549.28,176.69,44.603,-4.143
-529.57,5.6379,548.33,176.6,45.612,-4.2146
-528.66,5.5533,547.38,176.51,46.637,-4.2881
-527.78,5.4715,546.43,176.41,47.726,-4.3742
-526.93,5.399,545.5,176.3,48.932,-4.4828
-526.13,5.3425,544.59,176.21,50.306,-4.6239
-525.37,5.294,543.7,176.1,51.859,-4.7988
-524.67,5.256,542.82,175.99,53.593,-5.0087
-524.02,5.2176,541.95,175.86,55.468,-5.2499
-523.41,5.174,541.1,175.69,57.453,-5.5227
-522.82,5.1239,540.24,175.48,59.499,-5.8276
-522.26,5.0702,539.37,175.21,61.558,-6.1683
-521.73,5.0106,538.48,174.88,63.573,-6.5467
-521.22,4.953,537.56,174.51,65.537,-6.9696
-520.75,4.9013,536.59,174.1,67.4,-7.4316
-520.32,4.8581,535.56,173.66,69.163,-7.9312
-519.93,4.8245,534.48,173.21,70.784,-8.4552
-519.57,4.7913,533.35,172.74,72.285,-9.0079
-519.24,4.7518,532.17,172.21,73.677,-9.603
-518.92,4.709,530.97,171.61,75.01,-10.269
-518.63,4.6592,529.73,170.86,76.294,-11.054
-518.36,4.5942,528.51,169.81,77.647,-12.107
-518.13,4.5261,527.28,168.32,79.082,-13.569
-517.93,4.4582,526.05,166.17,80.619,-15.688
-517.79,4.3876,524.82,162.9,82.213,-18.895
-517.68,4.3216,523.57,157.7,83.844,-24.046
-517.61,4.2587,522.3,148.96,85.381,-32.739
-517.56,4.19,520.97,134.48,86.599,-47.166
-517.55,4.1229,519.54,115.6,87.269,-66.009
-517.55,4.0546,518.01,97.525,87.489,-84.053
-517.59,3.9835,516.37,85.978,87.49,-95.584
-517.67,3.9224,514.65,81.728,87.484,-99.864
-517.8,3.8755,512.85,81.653,87.53,-100.02
-517.97,3.8423,511.03,81.524,87.602,-100.28
-518.19,3.8244,509.18,81.324,87.704,-100.65
-518.44,3.8254,507.31,81.01,87.841,-101.21
-518.72,3.8408,505.42,80.552,88.006,-101.96
-519.06,3.8797,503.49,79.804,88.215,-103.07
-519.44,3.9357,501.55,78.622,88.457,-104.68
-519.86,4.0081,499.58,76.57,88.738,-107.23
-520.34,4.0902,497.58,72.879,89.037,-111.46
-520.88,4.1897,495.53,64.728,89.354,-120.2
-521.45,4.2994,493.48,40.346,89.643,-145.2
-522,4.4181,491.43,-28.732,89.711,145.07
-522.47,4.542,489.17,-149.02,89.002,24.123
-522.8,4.6651,486.74,-163.81,86.814,8.6649
-522.9,4.7729,484.18,-168.92,83.594,2.9107
-522.71,4.8512,481.55,-171.65,79.462,-0.40353
-522.17,4.8882,478.9,-173.34,74.598,-2.6226
-521.4,4.8796,476.5,-174.24,70.248,-3.932
-520.46,4.8301,474.36,-174.8,66.594,-4.7927
-519.44,4.741,472.48,-175.21,63.76,-5.3606
-518.4,4.623,470.8,-175.56,61.704,-5.7253
-517.42,4.4846,469.28,-175.89,60.297,-5.9459
-516.49,4.3414,467.85,-176.18,59.394,-6.0676
-515.61,4.1995,466.49,-176.45,58.863,-6.1258
-514.77,4.066,465.17,-176.66,58.548,-6.1522
-513.96,3.9417,463.86,-176.83,58.371,-6.1618
-513.18,3.8296,462.57,-176.94,58.321,-6.1599
-512.48,3.7307,461.6,-177.01,58.344,-6.153
-511.86,3.6423,460.94,-177.04,58.393,-6.1456
-511.31,3.5619,460.59,-177.06,58.428,-6.1409
-510.82,3.4869,460.54,-177.06,58.452,-6.1383
-510.4,3.4159,460.81,-177.06,58.452,-6.1383
-509.98,3.3448,461.07,-177.06,58.452,-6.1383
-509.56,3.2738,461.33,-177.06,58.452,-6.1383
-509.14,3.2028,461.59,-177.06,58.452,-6.1383
-508.72,3.1318,461.85,-177.06,58.452,-6.1383
-508.3,3.0607,462.11,-177.06,58.452,-6.1383
-507.88,2.9897,462.37,-177.06,58.452,-6.1383
-507.46,2.9187,462.63,-177.06,58.452,-6.1383
-507.04,2.8476,462.9,-177.06,58.452,-6.1383
-506.62,2.7766,463.16,-177.06,58.452,-6.1383
-506.2,2.7056,463.42,-177.06,58.452,-6.1383
-505.78,2.6346,463.68,-177.06,58.452,-6.1383
-505.36,2.5635,463.94,-177.06,58.452,-6.1383
-504.94,2.4925,464.2,-177.06,58.452,-6.1383
-504.52,2.4215,464.46,-177.06,58.452,-6.1383
-504.1,2.3505,464.72,-177.06,58.452,-6.1383
-503.68,2.2794,464.99,-177.06,58.452,-6.1383
-503.26,2.2084,465.25,-177.06,58.452,-6.1383
-502.83,2.1374,465.51,-177.06,58.452,-6.1383
-502.41,2.0663,465.77,-177.06,58.452,-6.1383
-501.99,1.9953,466.03,-177.06,58.452,-6.1383
-501.57,1.9243,466.29,-177.06,58.452,-6.1383
-501.15,1.8533,466.55,-177.06,58.452,-6.1383
-500.73,1.7822,466.81,-177.06,58.452,-6.1383
-500.31,1.7112,467.08,-177.06,58.452,-6.1383
-499.89,1.6402,467.34,-177.06,58.452,-6.1383
-499.47,1.5692,467.6,-177.06,58.452,-6.1383
-499.05,1.4981,467.86,-177.06,58.452,-6.1383
-498.63,1.4271,468.12,-177.06,58.452,-6.1383
-498.21,1.3561,468.38,-177.06,58.452,-6.1383
-497.79,1.2851,468.64,-177.06,58.452,-6.1383
-497.37,1.214,468.9,-177.06,58.452,-6.1383
-496.95,1.143,469.17,-177.06,58.452,-6.1383
-496.53,1.072,469.43,-177.06,58.452,-6.1383
-496.11,1.0009,469.69,-177.06,58.452,-6.1383
-495.69,0.92992,469.95,-177.06,58.452,-6.1383
-495.27,0.85889,470.21,-177.06,58.452,-6.1383
-494.85,0.78787,470.47,-177.06,58.452,-6.1383
-494.43,0.71684,470.73,-177.06,58.452,-6.1383
-494.01,0.64581,470.99,-177.06,58.452,-6.1383
-493.59,0.57479,471.26,-177.06,58.452,-6.1383
-493.17,0.50376,471.52,-177.06,58.452,-6.1383
-492.75,0.43273,471.78,-177.06,58.452,-6.1383
-492.33,0.36171,472.04,-177.06,58.452,-6.1383
-491.91,0.29068,472.3,-177.06,58.452,-6.1383
-491.49,0.21965,472.56,-177.06,58.452,-6.1383
-491.07,0.14863,472.82,-177.06,58.452,-6.1383
-490.64,0.0776,473.08,-177.06,58.452,-6.1383
-490.22,0.0065734,473.35,-177.06,58.452,-6.1383
-489.8,-0.064453,473.61,-177.06,58.452,-6.1383
-489.38,-0.13548,473.87,-177.06,58.452,-6.1383
-488.96,-0.20651,474.13,-177.06,58.452,-6.1383
-488.54,-0.27753,474.39,-177.06,58.452,-6.1383
-488.12,-0.34856,474.65,-177.06,58.452,-6.1383
-487.7,-0.41959,474.91,-177.06,58.452,-6.1383
-487.28,-0.49062,475.17,-177.06,58.452,-6.1383
-486.86,-0.56164,475.44,-177.06,58.452,-6.1383
-486.44,-0.63267,475.7,-177.06,58.452,-6.1383
